Sequence_ID,Start,End,Length,Resistant,Susceptible
OXA-264,1,828,828,0.9617301821708679,0.03826978802680969
